ID,Student Name,Course Code
0,Sam D Edwards,AI2011
1,Sheila Hughton,DS3011
2,Yasmin Ahmed,SE110
3,Sarah N Md Sallehuddin Khan,EE229
4,Sarah Nolasco,AI2011
5,Jenna Riley,EE229
6,Usman Rafiq,CS307
7,Reem N Hassan,MG220
8,Sarah Hinett,CS328
9,Kamal Anwar,EE229
10,Mika Tatsumoto,CS219
11,Muhammad Ijaz-Ul-Haq,AI2011
12,Abdul Gafur,SS118
13,Ana Vukojevic,CS307
14,Arooba Zahoor,CS302
15,Ahmad F Yang Abd Talib,MG223
16,Natasha Leeson,CS328
17,Ramesh R Singh,MG220
18,Sara Zamberlan,CS211
19,Adam N Starling,CS217
20,Maria M Ponce Carpio,EE229
21,Iram Matloob,MT224
22,Sarah J Roberts,SS152
23,Maria Lytras,CS307
24,Mohammad Abir,CS218
25,Nabila Altaf,CS211
26,Yasmin Ahmed,CS307
27,Maria A Grenfell,MT205
28,Mohamed A Baalousha,MG220
29,Ayan Lowe,SE110
30,Mohammed I Al Arfaj,SS152
31,Mohammed Riyaz Shahul Hameed Mohammed Yakub,MG223
32,Sarah Armstrong,SS111
33,Sarah Armstrong,SS152
34,Parastoo Jamshidi,DS3011
35,Safiya Issa,CS328
36,Sarah N Md Sallehuddin Khan,CS328
37,Muna Osman,MG220
38,Adam L Finch,SE110
39,Hanna I Siahaan,SS152
40,Sarah N Md Sallehuddin Khan,CS307
41,Natasha Leeson,SS113
42,Anja Brezovnik,SS113
43,Mohammed A Suleman,SE110
44,Muna Osman,AI2011
45,Adam Mickiewicz,SS111
46,Bushra Duri,CS118
47,Sarah R Young,CS328
48,Jenna Riley,CS211
49,Sarah Austin,SS111
50,Ana B Javier Cuetos,EE229
51,Naseem Akram,EE229
52,Yas Khaled,CS219
53,Salwa S Alobaid,CY2012
54,Natasha Lelijveld,CS217
55,Ann Wilson,EE229
56,Ayman Jaheen,MT205
57,Hamza Bin Muhammad,AI2011
58,Nosheen Maqbool,MT205
59,Nadine Meyer,CS118
60,Bahjat Al-Ani,CY2012
61,Kiran K Chahal,MT205
62,Adam Flowers,DS3011
63,Parastoo Jamshidi,SS111
64,Anja Brezovnik,EE229
65,Sarah Armstrong,CS217
66,Aida Hoxha,SS118
67,Adam Selby,CS328
68,Jenna Riley,SE110
69,Leyla Doroudi,DS3011
70,Nosheen Maqbool,EE229
71,Shireen Dowlut-Beebeejaun,MG220
72,Jan Fiala,CS217
73,Sam Dalgleish,CS217
74,Nima Dirie,SS113
75,Sarah Wilson,DS3011
76,Sarah J Hammon,MG220
77,Tina Nasersharif,SE110
78,Kiran K Chahal,CS328
79,Faraj B Shaban,EE227
80,Natasha Leeson,CS307
81,Zahra Faraji Rad,MG220
82,Sarah Montgomery,CS328
83,Omar Chaudhrey,CS307
84,Shari K Rasmussen,CS219
85,Sadra Keyhani,CS217
86,Marwa Elcheikh,CS302
87,Arooba Zahoor,SS113
88,Maria M Ponce Carpio,SS113
89,Kamila Houdkova,EE227
90,Irfan Yousaf,SS152
91,Faris Quaid,MT205
92,Mohamed A Baalousha,MG223
93,Sajida Ayub,CY2012
94,Yaser A Aljammaz,MT224
95,Amber Summerfield,EE229
96,Abdul Gafur,SE110
97,Mohammed Riyaz Shahul Hameed Mohammed Yakub,CY2012
98,Anita Hodler,MG220
99,Faraj B Shaban,CS328
100,Sadra Keyhani,AI2011
101,Eileen Haycox,MG220
102,Sajida Ayub,MG223
103,Zeenat K Guness-Goolbar,CS211
104,Nausheen Saleem,CS328
105,Ana Vukojevic,AI2011
106,Farzana Yamin,CS328
107,Mohammed Z Albahar,AI2011
108,Dalia Remeikyte,SS152
109,Arsheen Rajpar,CY2012
110,Sarah Clements,CS218
111,Kamal Anwar,MG220
112,Samina Akbar,CS328
113,Adam N Starling,EE227
114,Sarah E Kirkham-Slack,CS302
115,Sarah J Bradford,CS328
116,Nima Dirie,MG223
117,Mona Vadher,EE227
118,Kamila Houdkova,CS302
119,Aidan P Murphy,EE227
120,Ahmed Abbas Ahmed,MT205
121,Mika Tatsumoto,CS217
122,Reem N Hassan,SS118
123,Ayse Hatunoglu,DS3011
124,Siraj Shariff,EE227
125,Sam D Edwards,SS152
126,Zeenat K Guness-Goolbar,CS211
127,Damian A Cummings,CS307
128,Asim Ali,CS220
129,Farzana Yamin,CY2012
130,Leila C Payne,MG223
131,Sarah L Barber-Jones,DS3011
132,Hazimah H Hj Hamzah,CS218
133,Babak Cheraghchi Bashi Astaneh,EE227
134,Rafal Szczypinski,CY2012
135,Shahina Parveen,CS307
136,Zainab Khattak,EE229
137,Sarah J Roberts,CS307
138,Iram Meharban,SS152
139,Ayman Jaheen,CS328
140,Safiya Issa,AI2011
141,Faris Quaid,SE110
142,Maryam Askari Louyeh,CS118
143,Tara Glickman,DS3011
144,Faheema Korumtollee,CS220
145,Sarah L Barber-Jones,EE229
146,Maria A Grenfell,CS220
147,Salman Hassan Zadeh,MT205
148,Dalia Remeikyte,CS302
149,Damian A Cummings,SE110
150,Farzana Yamin,CS118
151,Sarah Hanley,MT224
152,Sarah Hanley,SS118
153,Adam Sanders,MT205
154,Mohammad Abir,MT205
155,Leanne M Taylor-Smith,SS152
156,Ibrar Manawer,DS3011
157,Soha Siahpoosh Kolyaei,EE227
158,Usman Rafiq,CS218
159,Adam Green,MG220
160,Sarah R Young,CS302
161,Salman Hassan Zadeh,EE229
162,Syed M Ghufran,SS113
163,Syed M Ghufran,DS3011
164,Lilia Kyuchukova,MT224
165,Sam Duncanson,MT205
166,Yas Khaled,MG220
167,Negar Saleh,CS328
168,Sarah Hewitt,SS113
169,Yasir M Salih,CS307
170,Mohammed Azam,CS211
171,Huda O Ali,SS113
172,Negar Saleh,CY2012
173,Farzana Yamin,CS220
174,Natasha Lelijveld,SS118
175,Sagar R Jilka,EE229
176,Samar E Nassar,CS218
177,Syed M Abbas,CS328
178,Mohammed A Suleman,SS113
179,Bushra Duri,MT224
180,Shahzada S Niwaz,MT224
181,Syed M Abbas,CS219
182,Sarah Hinett,CS217
183,Ali M Sadeghioon,DS3011
184,Safiya Issa,CS211
185,Arman N Bahadori,CS328
186,Sarina Patel,CS217
187,Sam J Pottier,DS3011
188,Sarah J Roberts,MG223
189,Anja Brezovnik,CS219
190,Razan Z Haji Zulkifli,CS302
191,Shadan Alam,CS211
192,Kamila Keshubay,AI2011
193,Mohammed Riyaz Shahul Hameed Mohammed Yakub,CS328
194,Mohammed Azam,CY2012
195,Anja Sarlah,EE229
196,Soha Siahpoosh Kolyaei,CS219
197,Ana Vukojevic,SS152
198,Farzad Farahmand,SS152
199,Adam N Starling,CS211
200,Yas Khaled,CY2012
201,Salma Khanam,DS3011
202,Natasha Tait,CS220
203,Zaki Choudhury,MT205
204,Sarah N Md Sallehuddin Khan,MG223
205,Zaki Choudhury,MT224
206,Nosheen Maqbool,SS111
207,Syed M Abbas,CS218
208,Salwa S Alobaid,AI2011
209,Ibrahim Adegboye,MG220
210,Sarah Hanley,SS113
211,Mohammed Zafran,EE229
212,Kabir A Khan,SS118
213,Adam Kirk,CS218
214,Maysa Saeidi,CS307
215,Zahir Hussain,EE227
216,Dean Brodesky,CS307
217,Nabila Altaf,MT224
218,Iram Meharban,CS328
219,Nina N Wronka,DS3011
220,Ann Wilson,CS220
221,Adam Selby,MG220
222,Razan Z Haji Zulkifli,CS211
223,Faheema Korumtollee,CY2012
224,Salma Khanam,MG223
225,Yasmin Ahmed,SS113
226,Nosheen Maqbool,CS118
227,Natasha Leeson,CS211
228,Sara Zamberlan,CS217
229,Razan Z Haji Zulkifli,CS328
230,Shahzada S Niwaz,CS217
231,Imtiaz Kermali,MT224
232,Ahmed Abbas Ahmed,SS113
233,Sarah Austin,CS328
234,Zeenat K Guness-Goolbar,CS302
235,Tina Nasersharif,EE227
236,Iram Matloob,CS220
237,Adam Selby,MT205
238,Nabila Altaf,EE229
239,Judi Glen,CS219
240,Sarah Nolasco,CS328
241,Zahra Faraji Rad,CS219
242,Hassana Begum,CS302
243,Hassana Begum,EE229
244,Mohammed Z Albahar,MT205
245,Shari K Rasmussen,EE227
246,Anja Brezovnik,CS302
247,Mohammed Zafran,EE229
248,Sam D Edwards,EE229
249,Zainab Khattak,SS118
250,Ahmed Ahmed,CS219
251,Mohammed Sukkari,MG220
252,Sam Isherwood,CS211
253,Sarah French,CS118
254,Bibi A Khan,EE229
255,Sarwar Hussain,CS211
256,Dalia Remeikyte,CS217
257,Adam C Ryan,CS118
258,Leila C Payne,AI2011
259,Maria A Grenfell,EE227
260,Sarah Clements,CS302
261,Halima Sayed,CS211
262,Usman Rafiq,CS118
263,Iram Matloob,MG220
264,Sarah Dobson,SS113
265,Sarah Taylor,CS118
266,Zahir Hussain,SS118
267,Shireen Dowlut-Beebeejaun,SE110
268,Nabila Altaf,MG223
269,Maria M Ponce Carpio,EE227
270,Faris Quaid,SS111
271,Bibi A Khan,SS113
272,Nadine Meyer,CY2012
273,Aleena Unadkat,MT205
274,Kamal Anwar,SS152
275,Nausheen Saleem,CS218
276,Eileen Harris,MG220
277,Sam Isherwood,MT224
278,Sajida Ayub,CS328
279,Mohammed Sukkari,CS217
280,Arman N Bahadori,CY2012
281,Saleem Abubacker,EE227
282,Shadan Mirarmandehi,CS118
283,Mohammed I Al Arfaj,SE110
284,Ana Sbert Ortin,SS118
285,Kamila Keshubay,CS118
286,Mohammed I Al Arfaj,CS211
287,Jan Fiala,CS218
288,Sarah Fogg,CS302
289,Ana Sbert Ortin,SS111
290,Arsheen Rajpar,CS211
291,Eileen Haycox,CS307
292,Sarah Austin,MG220
293,Adam Mickiewicz,CS118
294,Sarah Hadley,MG223
295,Sam Dalgleish,MT205
296,Zahra Faraji Rad,CS118
297,Natasha Tait,CS211
298,Mona Vadher,SS113
299,Jina Zhao,MT205
300,Ahmad F Yang Abd Talib,CS307
301,Nadine Meyer,CS302
302,Hassana Begum,MG223
303,Arman N Bahadori,CS211
304,Aleena Unadkat,MG223
305,Mika Tatsumoto,CS118
306,Ahmad F Yang Abd Talib,CS211
307,Ramesh R Singh,MT224
308,Sarah S Shahid,CS328
309,Sarina Patel,AI2011
310,Omar Chaudhrey,CS211
311,Asim Ali,CS211
312,Dean Brodesky,CS218
313,Ahmed Abbas Ahmed,CS307
314,Zahir Hussain,CS307
315,Sarah Austin,MT205
316,Maryam Askari Louyeh,SS113
317,Leanne M Taylor-Smith,MG220
318,Adam L Finch,CS211
319,Nadia Parveen,CS219
320,Sarah Wilson,CS302
321,Sarah J Hammon,CS302
322,Natasha Edwards,CS220
323,Adam Mickiewicz,CS220
324,Aras Panahian Jand,EE229
325,Mohammed Azam,SS111
326,Dean Brodesky,SS118
327,Saleem Abubacker,MG220
328,Sarah Nolasco,CS307
329,Adam Sanders,MG223
330,Abdul Gafur,DS3011
331,Sagar R Jilka,CS328
332,Yasir M Salih,AI2011
333,Tara Glickman,MT205
334,Abdul Gafur,CS217
335,Kiran K Chahal,SS113
336,Sara De La Serna,MT224
337,Sarah E Kirkham-Slack,CS118
338,Mona Vadher,CY2012
339,Siraj Shariff,CS211
340,Nadia Parveen,CY2012
341,Ayda Niazi,SS152
342,Farzad Farahmand,CS217
343,Saleem Abubacker,EE229
344,Sajida Ayub,AI2011
345,Selina V Penarski,CS211
346,Kamila Houdkova,CS211
347,Samina Akbar,CS118
348,Naveed Hussain,CS218
349,Ayan Lowe,CS307
350,Sonia V Diaz,CS118
351,Maysa Saeidi,SS118
352,Ann White,SS118
353,Nadia Parveen,SS111
354,Hamza Bin Muhammad,CS328
355,Asim Ali,CS211
356,Shadan Alam,SS152
357,Maria Antonia Morua Leyva,SS113
358,Sarah French,CS302
359,Huda O Ali,CS211
360,Ali M Sadeghioon,CY2012
361,Selina V Penarski,EE229
362,Zahir Hussain,CS118
363,Aras Panahian Jand,SS113
364,Meryem Mehmetbasoglu,CS218
365,Mohamed A Baalousha,CS307
366,Samar E Nassar,CS211
367,Naveed Hussain,EE229
368,Sam Dalgleish,CS307
369,Ahmad F Yang Abd Talib,CS218
370,Sarina Patel,MT205
371,Maryam Askari Louyeh,EE229
372,Abdul Gafur,CS328
373,Shahid Khan,CS302
374,Ana Vukojevic,SS113
375,Sam D Edwards,CS220
376,Anita Hodler,EE227
377,Natasha Tait,EE227
378,Nima Dirie,CS220
379,Omar S Aslam,CS211
380,Leila C Payne,CS118
381,Nausheen Saleem,CS211
382,Mohammed Riyaz Shahul Hameed Mohammed Yakub,EE227
383,Damian A Cummings,SS118
384,Maria Lytras,MG220
385,Mohammed Z Albahar,EE227
386,Amber Summerfield,AI2011
387,Sarah E Kirkham-Slack,SS111
388,Shireen Dowlut-Beebeejaun,MT224
389,Sarah French,DS3011
390,Ayda Niazi,DS3011
391,Parastoo Jamshidi,MG220
392,Hamza Bin Muhammad,CS118
393,Sarah Wilson,CS217
394,Maysa Saeidi,EE229
395,Natasha Edwards,AI2011
396,Manal Aldaihani,MG220
397,Sonia V Diaz,SE110
398,Omar S Aslam,EE229
399,Shadan Alam,SE110
400,Sagar R Jilka,AI2011
401,Natasha Leeson,SS152
402,Samina Akbar,CS220
403,Ameerah Kasenally-Boodoo,DS3011
404,Bushra Duri,MG223
405,Sarah Taylor,SS113
406,Meltem Naylor,CS211
407,Imtiaz Kermali,CS218
408,Iram Meharban,MG220
409,Adam Kirk,MT205
410,Sarwar Hussain,CS217
411,Sarah R Young,EE229
412,Sarah Fogg,DS3011
413,Shadan Mirarmandehi,AI2011
414,Bahjat Al-Ani,SS113
415,Mohammed Zafran,MT205
416,Shari K Rasmussen,MT224
417,Aleena Unadkat,CS211
418,Zahra Faraji Rad,MG223
419,Soha Siahpoosh Kolyaei,EE229
420,Sadia Rehman,MT205
421,Sarah Dobson,MT224
422,Maria Antonia Morua Leyva,AI2011
423,Sam J Pottier,CS328
424,Arsheen Rajpar,CS211
425,Omar F Khan,EE229
426,Shahid Khan,CS307
427,Shahina Parveen,CS218
428,Yaser A Aljammaz,CS219
429,Sonia Zain,MG223
430,Sara Zamberlan,CS307
431,Ayan Lowe,SS152
432,Aras Panahian Jand,CS220
433,Sarah Hinett,CS307
434,Behzad Babakhani,CS307
435,Rida Shaikh,SS111
436,Sarah L Clark,CS211
437,Zaki Choudhury,CS218
438,Tara Glickman,CS211
439,Maria M Ponce Carpio,SS111
440,Ramesh R Singh,MG223
441,Ali M Sadeghioon,CS211
442,Bushra Duri,EE229
443,Adam L Finch,SS113
444,Amir Ahmed,SS118
445,Leyla Doroudi,MG223
446,Eileen Haycox,AI2011
447,Sam Isherwood,SS111
448,Reem N Hassan,SS152
449,Mohamed A Baalousha,SS113
450,Ann D Brix,AI2011
451,Hanna I Siahaan,DS3011
452,Sarah Hewitt,CS219
453,Sarina Patel,CS302
454,Rafal Szczypinski,EE229
455,Sarah J Roberts,EE229
456,Mohammed Azam,CS307
457,Ana B Javier Cuetos,CS302
458,Irfan Yousaf,CS211
459,Marwa Elcheikh,AI2011
460,Ayse Hatunoglu,EE229
461,Natasha Tait,SS118
462,Omar F Khan,MG223
463,Natasha Tait,SS111
464,Ali M Sadeghioon,MT224
465,Sarah Austin,MG223
466,Sagar R Jilka,SS152
467,Mika Tatsumoto,CS218
468,Sarah Montgomery,MG223
469,Maryam Askari Louyeh,CS218
470,Aleena Unadkat,CS211
471,Yasmin Ahmed,CY2012
472,Ramesh R Singh,CS220
473,Adam Selby,AI2011
474,Ibrar Manawer,CS220
475,Mohammed I Al Arfaj,MT205
476,Maria Lytras,CS218
477,Amir Ahmed,CS328
478,Ana B Javier Cuetos,CS328
479,Ann Wilson,CS218
480,Ann Tai,AI2011
481,Bibi A Khan,MG220
482,Sadia Rehman,EE229
483,Manal Aldaihani,SS118
484,Hanna I Siahaan,SS113
485,Mohamed F Bakaram,CS219
486,Leila C Payne,CS211
487,Tina Nasersharif,EE229
488,Selina V Penarski,SS113
489,Naveed Hussain,AI2011
490,Rida Shaikh,CS220
491,Sarah Dobson,CS118
492,Faheema Korumtollee,MG223
493,Ana B Javier Cuetos,MG220
494,Nadine Meyer,SS118
495,Ayda Niazi,MT224
496,Irfan Yousaf,EE229
497,Behzad Babakhani,CS218
498,Jan Fiala,SS118
499,Meltem Naylor,EE229
500,Mohammed Sukkari,CS302
501,Mohammed A Suleman,SS152
502,Hazimah H Hj Hamzah,SS113
503,Ibrahim Adegboye,CS328
504,Sam J Pottier,CS118
505,Sarah H Przybylak,SS118
506,Aidan P Murphy,CS217
507,Maria A Grenfell,SS118
508,Faraj B Shaban,MG220
509,Lilia Kyuchukova,EE229
510,Sadia Rehman,CS220
511,Sarah S Shahid,SS111
512,Imtiaz Kermali,CS302
513,Tina Nasersharif,AI2011
514,Lilia Kyuchukova,AI2011
515,Sarah Clements,EE227
516,Kamila Keshubay,EE227
517,Sarah H Przybylak,CS307
518,Samar E Nassar,SE110
519,Sara De La Serna,CS302
520,Babak Cheraghchi Bashi Astaneh,CS328
521,Sheila Hughton,CS328
522,Meltem Naylor,CS218
523,Shahid Khan,CS217
524,Halima Sayed,MG220
525,Adam N Starling,SS118
526,Aida Hoxha,CS218
527,Nina N Wronka,AI2011
528,Yaser A Aljammaz,EE227
529,Leanne M Taylor-Smith,CS328
530,Mohammed Sukkari,EE229
531,Kamal Anwar,MT205
532,Muna Osman,EE227
533,Halima Sayed,SS152
534,Sam Duncanson,MG220
535,Reem N Hassan,MT224
536,Hazimah H Hj Hamzah,CS211
537,Mona Vadher,EE229
538,Safiya Issa,CS218
539,Mohammad Abir,MT224
540,Aidan P Murphy,CS328
541,Amir Ahmed,CS307
542,Mohammad Abir,CS211
543,Jenna Riley,MT205
544,Shahina Parveen,MT224
545,Bushra Duri,CS219
546,Damian A Cummings,CS217
547,Sadra Keyhani,CY2012
548,Ann D Brix,SS111
549,Sarah Armstrong,CS220
550,Naveed Hussain,CS211
551,Ibrar Manawer,CS211
552,Sarah Hadley,MG220
553,Sarah Taylor,MT205
554,Amir Ahmed,SE110
555,Sonia V Diaz,EE229
556,Negar Saleh,CS307
557,Sonia Zain,AI2011
558,Asim Ali,DS3011
559,Adam L Finch,CS307
560,Ahmed Ahmed,CS307
561,Arman N Bahadori,AI2011
562,Sarah Hinett,SS152
563,Sarah Hewitt,CY2012
564,Ayan Lowe,CS220
565,Anja Sarlah,CS217
566,Sarah H Przybylak,MG220
567,Yas Khaled,CS218
568,Rafal Szczypinski,MG223
569,Huda O Ali,SE110
570,Sam Duncanson,EE229
571,Yaser A Aljammaz,AI2011
572,Arooba Zahoor,AI2011
573,Natasha Lelijveld,EE229
574,Sara De La Serna,EE229
575,Sarah J Bradford,SS113
576,Natasha Lelijveld,DS3011
577,Salman Hassan Zadeh,CS118
578,Ibrar Manawer,EE227
579,Sara Zamberlan,AI2011
580,Naseem Akram,CY2012
581,Zaki Choudhury,DS3011
582,Naseem Akram,CS218
583,Kabir A Khan,CS328
584,Sarah Fogg,CS218
585,Adam C Ryan,MG220
586,Aras Panahian Jand,SS111
587,Mohamed F Bakaram,EE229
588,Natasha J Seaward,CS217
589,Sadia Rehman,CS307
590,Syed M Ghufran,CS218
591,Ann D Brix,CS218
592,Kamila Keshubay,MG220
593,Natasha Edwards,CS219
594,Kiran K Chahal,EE229
595,Halima Sayed,CS220
596,Salma Khanam,SE110
597,Dean Brodesky,CS328
598,Sheila Hughton,CS118
599,Ann Tai,MT224
600,Adam Flowers,CS328
601,Yasir M Salih,MG223
602,Rafal Szczypinski,SS111
603,Shahid Khan,MG223
604,Judi Glen,EE229
605,Sam J Pottier,SE110
606,Sarah L Barber-Jones,AI2011
607,Meltem Naylor,CS219
608,Ameerah Kasenally-Boodoo,EE229
609,Negar Saleh,MT224
610,Syed M Ghufran,CS217
611,Babak Cheraghchi Bashi Astaneh,SS113
612,Razan Z Haji Zulkifli,MG220
613,Meryem Mehmetbasoglu,CS118
614,Omar Chaudhrey,SS118
615,Farzad Farahmand,CS211
616,Sarah Hadley,CS217
617,Dalia Remeikyte,MG220
618,Seema Mandalia,CS217
619,Ayman Jaheen,SS111
620,Sara De La Serna,EE227
621,Siraj Shariff,SS111
622,Ann White,EE227
623,Faraj B Shaban,MT205
624,Manal Aldaihani,CS328
625,Muhammad Ijaz-Ul-Haq,CS211
626,Syed M Abbas,SS118
627,Adam Sanders,AI2011
628,Shahzada S Niwaz,CS328
629,Sarah Nolasco,MG223
630,Judi Glen,EE229
631,Manal Aldaihani,CS211
632,Aidan P Murphy,SS111
633,Jina Zhao,DS3011
634,Sarah Montgomery,CS219
635,Amir Ahmed,SS152
636,Sarah S Shahid,MT205
637,Shadan Mirarmandehi,SE110
638,Muna Osman,CS328
639,Anja Sarlah,CS302
640,Adam C Ryan,CS217
641,Muna Osman,DS3011
642,Ann D Brix,SS152
643,Ameerah Kasenally-Boodoo,SS118
644,Hamza Bin Muhammad,CS328
645,Sarah Dobson,CS328
646,Maria Antonia Morua Leyva,CS328
647,Seema Mandalia,MT205
648,Aida Hoxha,SS113
649,Eileen Harris,CS218
650,Anita Hodler,EE229
651,Rida Shaikh,SS152
652,Yasir M Salih,EE227
653,Natasha J Seaward,SE110
654,Amber Summerfield,CS219
655,Omar S Aslam,SS113
656,Jan Fiala,CS118
657,Mohammad Abir,MG223
658,Mohammed Azam,MG220
659,Eileen Harris,MT224
660,Salwa S Alobaid,MG220
661,Ann Wilson,CS307
662,Sonia Zain,MT224
663,Nadia Parveen,CS211
664,Natasha Edwards,MG223
665,Rida Shaikh,CY2012
666,Mohammed Zafran,CS218
667,Sarah L Clark,MT205
668,Soha Siahpoosh Kolyaei,SS113
669,Siraj Shariff,CS118
670,Sam Dalgleish,SS111
671,Selina V Penarski,SE110
672,Anja Sarlah,MG220
673,Sarah Hadley,CS328
674,Nina N Wronka,SE110
675,Ahmed Abbas Ahmed,CY2012
676,Sarah H Przybylak,CS211
677,Sarah Fogg,CS217
678,Samar E Nassar,EE229
679,Muhammad Ijaz-Ul-Haq,SS113
680,Jasmine Winyard,CS220
681,Lilia Kyuchukova,EE229
682,Sarwar Hussain,CY2012
683,Shahzada S Niwaz,SS111
684,Sarah L Barber-Jones,CS219
685,Shadan Alam,MT224
686,Omar F Khan,SS113
687,Anita Hodler,CS302
688,Ayse Hatunoglu,MG223
689,Omar F Khan,MT205
690,Salman Hassan Zadeh,AI2011
691,Ayda Niazi,EE227
692,Jasmine Winyard,DS3011
693,Behzad Babakhani,CS219
694,Sarah Taylor,MT224
695,Faheema Korumtollee,CS328
696,Ibrahim Adegboye,MG223
697,Zainab Khattak,CS118
698,Mohamed F Bakaram,AI2011
699,Hassana Begum,SS113
700,Nima Dirie,SS111
701,Salma Khanam,CS302
702,Farzad Farahmand,CS220
703,Adam Green,AI2011
704,Sarah R Young,AI2011
705,Huda O Ali,SS118
706,Hazimah H Hj Hamzah,MG223
707,Jina Zhao,CS307
708,Leyla Doroudi,MG220
709,Arsheen Rajpar,CS302
710,Zahra Faraji Rad,SE110
711,Salwa S Alobaid,EE229
712,Sarah L Clark,MG220
713,Natasha J Seaward,MG223
714,Adam Flowers,EE229
715,Natasha J Seaward,AI2011
716,Kiran K Chahal,AI2011
717,Aras Panahian Jand,MT205
718,Shireen Dowlut-Beebeejaun,CS307
719,Marwa Elcheikh,MT224
720,Shadan Mirarmandehi,CY2012
721,Maria Antonia Morua Leyva,DS3011
722,Jasmine Winyard,CS211
723,Seema Mandalia,SS152
724,Sarah S Shahid,EE229
725,Maysa Saeidi,MT224
726,Ann Tai,CS211
727,Sarah S Shahid,DS3011
728,Sonia Zain,CS211
729,Samina Akbar,CS307
730,Sam Isherwood,CS328
731,Ayman Jaheen,EE229
732,Muhammad Ijaz-Ul-Haq,EE229
733,Eileen Harris,CS211
734,Amber Summerfield,EE227
735,Ayan Lowe,MT205
736,Sarah Hanley,MG220
737,Sarah Clements,CS328
738,Naseem Akram,EE229
739,Bahjat Al-Ani,CS328
740,Seema Mandalia,CS328
741,Ahmed Ahmed,MT224
742,Ana Sbert Ortin,MT224
743,Ann White,CS218
744,Adam Green,CS217
745,Parastoo Jamshidi,CS217
746,Sarah J Hammon,CS211
747,Adam Green,DS3011
748,Zeenat K Guness-Goolbar,EE227
749,Ann White,SS113
750,Jina Zhao,MG220
751,Meryem Mehmetbasoglu,EE229
752,Mohammed A Suleman,DS3011
753,Usman Rafiq,CS302
754,Sarah J Bradford,SS118
755,Sarah E Kirkham-Slack,SS152
756,Hanna I Siahaan,CS218
757,Sarah J Bradford,EE229
758,Kamila Houdkova,MT205
759,Iram Meharban,MG223
760,Adam Flowers,MT205
761,Judi Glen,SE110
762,Leyla Doroudi,CS307
763,Faris Quaid,CS211
764,Sarah Armstrong,CS307
765,Maria Lytras,AI2011
766,Hamza Bin Muhammad,CY2012
767,Arooba Zahoor,MT205
768,Ibrahim Adegboye,MT224
769,Omar Chaudhrey,CS219
770,Adam Sanders,CS328
771,Behzad Babakhani,AI2011
772,Aida Hoxha,CS328
773,Mohamed F Bakaram,DS3011
774,Saleem Abubacker,SS152
775,Sarah Hewitt,CS328
776,Ahmed Ahmed,CS217
777,Mohammed Z Albahar,CS211
778,Shahina Parveen,CY2012
779,Zainab Khattak,CS220
780,Bibi A Khan,CS218
781,Sadra Keyhani,MT224
782,Omar S Aslam,AI2011
783,Zahir Hussain,MT224
784,Ayse Hatunoglu,CS220
785,Sheila Hughton,CS302
786,Sarah Montgomery,CS118
787,Babak Cheraghchi Bashi Astaneh,SS111
788,Ameerah Kasenally-Boodoo,CS307
789,Meryem Mehmetbasoglu,EE229
790,Sarah L Clark,SS118
791,Adam C Ryan,DS3011
792,Eileen Haycox,CS218
793,Imtiaz Kermali,CS307
794,Adam Mickiewicz,MG223
795,Iram Matloob,DS3011
796,Leanne M Taylor-Smith,CS211
797,Ann Tai,CY2012
798,Ana Sbert Ortin,SS152
799,Kabir A Khan,DS3011
800,Irfan Yousaf,SS111
801,Sarwar Hussain,CS219
802,Ana B Javier Cuetos,CS219
803,Jasmine Winyard,MT224
804,Sarah J Hammon,CS328
805,Shari K Rasmussen,AI2011
806,Nausheen Saleem,CS220
807,Marwa Elcheikh,SS111
808,Sonia V Diaz,CS328
809,Sam Duncanson,DS3011
810,Natasha Edwards,MT224
811,Adam Kirk,SS111
812,Bahjat Al-Ani,MG223
813,Sarah French,EE229
814,Kabir A Khan,SE110
815,Adam Kirk,DS3011
816,Tara Glickman,SS111
817,Nina N Wronka,CS218
818,Sonia V Diaz,MG220
819,Sarah Wilson,MT224
